Date,AAPL,IBM,MCD,KO,PEP,JNJ,ORCL,PFE,WMT
2021-09-14,148.119995,130.229446,241.130005,55.689999,155.149994,164.800003,86.389999,44.709999,48.099998
2021-09-15,149.029999,131.166351,240.979996,55.880001,156.020004,165.419998,87.730003,44.77,48.183334
2021-09-16,148.789993,130.430206,243.210007,55.349998,155.559998,165.220001,87.25,44.470001,48.343334
2021-09-17,146.059998,129.28299,242.490005,54.439999,154.130005,164.75,86.389999,43.889999,48.243332
2021-09-20,142.940002,128.403442,239.089996,54.060001,153.610001,163.809998,86.169998,44.200001,47.580002
2021-09-21,143.429993,127.122368,240.5,54.049999,153.539993,164.529999,86.919998,43.919998,47.673332
2021-09-22,145.850006,128.709366,243.130005,54.130001,154.009995,163.929993,88.440002,43.950001,47.563332
2021-09-23,146.830002,130.71701,244.779999,54.040001,154.130005,164.860001,89.419998,44.189999,47.59
2021-09-24,146.919998,131.443588,246.419998,53.889999,154.199997,164.360001,89.940002,43.939999,47.723331
2021-09-27,145.369995,132.466537,248.110001,53.610001,152.720001,163.169998,91.040001,43.57,47.416668
2021-09-28,141.910004,131.424469,243.770004,52.639999,151.050003,162.809998,90.489998,43.040001,46.833332
2021-09-29,142.830002,133.05928,244.279999,52.959999,152.300003,164.020004,91.25,43.529999,46.813332
2021-09-30,141.5,132.820267,241.110001,52.470001,150.410004,161.5,87.129997,43.009998,46.459999
2021-10-01,142.649994,137.017212,242.929993,53.02,150.949997,160.470001,89.739998,42.93,45.683334
2021-10-04,139.139999,137.772461,243.080002,52.990002,150.199997,159.220001,89.260002,42.419998,45.243332
2021-10-05,141.110001,136.854691,245.220001,53.080002,151.089996,159.580002,91.489998,42.32,45.540001
2021-10-06,142.0,136.099426,247.100006,53.709999,154.960007,159.910004,91.339996,42.02,45.873333
2021-10-07,143.289993,135.573608,248.320007,53.880001,156.389999,161.339996,92.309998,42.740002,46.413334
2021-10-08,142.899994,136.9216,247.699997,54.119999,156.029999,160.929993,94.389999,42.450001,46.553333
2021-10-11,142.809998,136.166351,246.580002,54.23,156.240005,160.25,95.290001,42.060001,46.509998
2021-10-12,141.509995,134.292542,244.520004,54.23,156.929993,157.690002,95.57,41.849998,46.459999
2021-10-13,140.910004,134.569794,242.649994,54.240002,157.990005,159.199997,96.400002,41.419998,46.123333
2021-10-14,143.759995,137.084137,244.550003,54.610001,159.259995,160.110001,95.279999,41.669998,46.623333
2021-10-15,144.839996,138.250473,242.25,54.48,158.809998,161.300003,95.330002,41.490002,46.849998
2021-10-18,146.550003,136.061188,242.259995,53.939999,158.089996,160.119995,96.510002,41.32,47.226665
2021-10-19,148.759995,135.736145,242.770004,54.150002,160.100006,163.869995,97.059998,42.09,48.23
2021-10-20,149.259995,135.659653,239.720001,54.630001,161.309998,163.779999,96.639999,42.799999,48.666668
2021-10-21,149.479996,122.686424,241.399994,54.349998,159.179993,163.399994,96.300003,42.860001,48.936668
2021-10-22,148.690002,122.25621,238.440002,54.450001,159.970001,163.720001,98.25,43.16,49.446667
2021-10-25,148.639999,122.026772,237.339996,54.23,159.220001,164.080002,97.889999,43.150002,50.02
2021-10-26,149.320007,121.5392,236.419998,54.470001,161.169998,165.75,96.980003,43.560001,49.583332
2021-10-27,148.850006,119.66539,242.729996,55.52,160.610001,163.740005,96.029999,42.970001,49.176666
2021-10-28,152.570007,120.305923,245.5,56.040001,161.619995,162.850006,96.230003,43.18,49.483334
2021-10-29,149.800003,119.598473,245.550003,56.369999,161.600006,162.880005,95.940002,43.740002,49.806667
2021-11-01,148.960007,120.726578,250.580002,56.169998,161.259995,163.020004,94.379997,43.639999,49.93
2021-11-02,150.020004,120.630974,249.240005,56.099998,162.740005,165.589996,95.870003,45.450001,49.906666
2021-11-03,151.490005,121.5392,250.399994,56.290001,164.300003,165.059998,96.150002,44.82,50.060001
2021-11-04,150.960007,120.849998,253.460007,56.599998,164.309998,164.600006,95.629997,43.849998,50.426666
2021-11-05,151.279999,123.610001,254.710007,56.84,166.0,163.429993,94.949997,48.610001,50.076668
2021-11-08,150.440002,124.540001,253.100006,56.330002,162.429993,162.869995,95.139999,48.330002,49.756668
2021-11-09,150.809998,120.849998,252.649994,56.490002,163.509995,162.509995,94.589996,47.299999,49.93
2021-11-10,147.919998,120.220001,253.130005,56.720001,164.039993,164.270004,93.830002,49.02,49.48
2021-11-11,147.869995,120.269997,250.160004,56.740002,162.690002,163.059998,94.040001,50.18,49.5
2021-11-12,149.990005,118.959999,250.669998,56.610001,162.649994,165.009995,93.540001,49.73,49.253334
2021-11-15,150.0,118.870003,252.940002,56.619999,163.800003,163.520004,94.019997,49.650002,48.970001
2021-11-16,151.0,118.459999,252.460007,56.220001,163.309998,162.669998,95.610001,49.599998,47.723331
2021-11-17,153.490005,118.059998,252.690002,55.91,163.369995,163.279999,95.330002,50.869999,47.313332
2021-11-18,157.869995,116.660004,253.479996,55.41,163.419998,162.399994,94.660004,51.41,47.720001
2021-11-19,160.550003,116.050003,251.949997,55.130001,163.809998,162.889999,93.970001,50.799999,47.463333
2021-11-22,161.020004,116.470001,253.479996,55.470001,164.149994,159.699997,94.610001,51.200001,48.259998
2021-11-23,161.410004,116.790001,255.649994,55.880001,165.25,160.690002,92.940002,51.080002,48.603333
2021-11-24,161.940002,116.730003,257.109985,55.43,163.740005,160.240005,93.580002,50.889999,48.846668
2021-11-26,156.809998,115.809998,250.009995,53.73,161.139999,159.199997,92.330002,54.0,48.299999
2021-11-29,160.240005,118.5,250.300003,54.580002,164.139999,159.75,92.940002,52.400002,47.543331
2021-11-30,165.300003,117.099998,244.600006,52.450001,159.779999,155.929993,90.739998,53.73,46.876667
2021-12-01,164.770004,116.919998,244.179993,52.299999,160.160004,158.080002,89.75,54.68,45.713333
2021-12-02,163.759995,116.900002,248.800003,53.07,160.619995,157.089996,89.989998,53.040001,45.156666
2021-12-03,161.839996,118.839996,249.330002,53.540001,164.710007,159.380005,88.239998,54.27,45.836666
2021-12-06,165.320007,119.910004,255.789993,54.91,166.419998,162.940002,88.940002,51.48,46.333332
2021-12-07,171.179993,121.580002,259.910004,55.209999,166.229996,163.360001,90.050003,51.720001,46.183334
2021-12-08,175.080002,123.019997,259.579987,55.0,166.520004,164.339996,88.940002,51.400002,45.716667
2021-12-09,174.559998,123.57,262.339996,54.860001,166.309998,165.899994,88.769997,52.080002,46.166668
2021-12-10,179.449997,124.089996,264.970001,56.279999,168.970001,165.490005,102.629997,52.779999,47.009998
2021-12-13,175.740005,122.580002,263.089996,57.759998,169.809998,168.449997,100.889999,55.200001,47.856667
2021-12-14,174.330002,123.760002,262.519989,57.799999,169.389999,170.289993,99.889999,55.540001,48.313332
2021-12-15,179.300003,123.110001,264.519989,58.060001,171.570007,171.139999,103.650002,58.799999,48.59
2021-12-16,172.259995,125.93,265.549988,58.650002,171.820007,173.009995,103.220001,61.25,47.779999
2021-12-17,171.139999,127.400002,261.700012,57.73,168.300003,168.229996,96.620003,59.48,46.25
2021-12-20,169.75,127.059998,261.730011,57.540001,169.419998,167.75,91.639999,61.02,46.400002
2021-12-21,172.990005,128.970001,264.390015,57.77,168.919998,167.210007,91.510002,58.950001,46.540001
2021-12-22,175.639999,129.75,264.940002,58.18,169.970001,167.929993,89.860001,59.549999,46.599998
2021-12-23,176.279999,130.630005,265.950012,58.220001,169.779999,168.25,89.720001,58.709999,46.496666
2021-12-27,180.330002,131.619995,268.23999,58.650002,171.470001,169.669998,89.540001,59.200001,46.919998
2021-12-28,179.289993,132.630005,267.880005,58.880001,172.360001,170.350006,88.650002,58.009998,47.593334
2021-12-29,179.380005,133.350006,268.48999,58.950001,172.970001,171.550003,88.209999,57.580002,47.57
2021-12-30,178.199997,133.910004,267.209991,58.779999,172.669998,172.309998,88.010002,58.400002,47.723331
2021-12-31,177.570007,133.660004,268.070007,59.209999,173.710007,171.070007,87.209999,59.049999,48.23
2022-01-03,182.009995,136.039993,268.579987,59.299999,172.979996,171.539993,87.900002,56.650002,48.216667
2022-01-04,179.699997,138.020004,268.51001,60.290001,173.229996,171.080002,88.839996,54.529999,47.333332
2022-01-05,174.919998,138.220001,267.190002,60.790001,173.820007,172.220001,86.459999,55.630001,47.973331
2022-01-06,172.0,135.339996,269.690002,60.470001,173.860001,171.630005,86.339996,54.84,47.84
2022-01-07,172.169998,134.830002,267.059998,60.330002,174.080002,173.949997,87.510002,55.720001,48.296665
2022-01-10,172.190002,135.029999,264.410004,60.43,174.169998,173.089996,89.279999,56.240002,48.203335
2022-01-11,175.080002,132.869995,262.119995,60.450001,174.089996,171.25,88.480003,56.689999,48.066666
2022-01-12,175.529999,133.589996,260.920013,60.540001,173.899994,169.789993,88.309998,56.650002,47.813332
2022-01-13,172.190002,134.759995,261.410004,60.900002,174.179993,168.759995,87.790001,55.540001,48.490002
2022-01-14,173.070007,134.210007,257.709991,61.389999,175.639999,167.839996,87.690002,54.950001,48.353333
2022-01-18,169.800003,132.940002,256.480011,60.900002,173.960007,167.100006,85.550003,54.110001,47.506668
2022-01-19,166.229996,131.580002,255.220001,61.0,175.210007,166.580002,83.379997,53.540001,47.98
2022-01-20,164.509995,130.820007,253.130005,60.75,173.940002,165.25,82.720001,54.049999,47.073334
2022-01-21,162.410004,129.350006,254.589996,60.450001,174.220001,164.869995,82.220001,52.790001,46.73
2022-01-24,161.619995,128.820007,253.610001,59.959999,173.330002,162.970001,82.419998,51.540001,46.733334
2022-01-25,159.779999,136.100006,250.679993,59.82,171.339996,167.630005,81.07,52.540001,45.716667
2022-01-26,159.690002,134.259995,249.850006,59.599998,169.529999,168.380005,79.589996,53.009998,45.25
2022-01-27,159.220001,132.520004,248.740005,59.650002,169.369995,170.589996,79.779999,53.369999,45.279999
2022-01-28,170.330002,134.5,256.089996,60.84,172.669998,171.789993,80.480003,54.330002,45.84
2022-01-31,174.779999,133.570007,259.450012,61.009998,173.520004,172.289993,81.160004,52.689999,46.603333
2022-02-01,174.610001,135.529999,258.98999,60.560001,172.339996,170.880005,81.040001,53.07,46.970001
2022-02-02,175.839996,137.25,262.279999,61.18,175.470001,172.770004,82.5,53.860001,46.950001
2022-02-03,172.899994,137.779999,260.640015,61.610001,175.369995,172.759995,81.940002,53.380001,46.996666
2022-02-04,172.389999,137.149994,260.059998,60.959999,172.490005,171.630005,82.110001,53.0,46.443333
2022-02-07,171.660004,137.240005,259.850006,61.599998,171.809998,171.059998,80.739998,53.209999,45.986668
2022-02-08,174.830002,137.020004,260.079987,62.0,172.020004,171.509995,80.790001,51.700001,45.996666
2022-02-09,176.279999,137.789993,259.859985,61.040001,171.940002,171.490005,83.449997,51.470001,45.896667
2022-02-10,172.119995,133.520004,256.869995,61.380001,168.369995,169.419998,81.849998,50.599998,45.360001
2022-02-11,168.639999,132.690002,255.160004,60.290001,168.580002,167.710007,79.75,50.779999,45.110001
2022-02-14,168.880005,130.149994,253.389999,60.68,166.699997,165.600006,78.949997,49.799999,44.650002
2022-02-15,172.789993,129.940002,253.809998,60.91,165.960007,167.309998,79.769997,49.790001,44.790001
2022-02-16,172.550003,129.179993,253.089996,60.900002,166.300003,167.210007,79.190002,49.68,44.509998
2022-02-17,168.880005,124.970001,250.929993,62.119999,166.75,166.190002,75.529999,48.900002,46.293331
2022-02-18,167.300003,124.349998,250.600006,62.540001,167.710007,163.360001,74.57,48.529999,45.996666
2022-02-22,164.320007,123.919998,252.699997,62.279999,168.350006,161.139999,74.120003,47.529999,45.483334
2022-02-23,160.070007,122.07,247.789993,61.59,166.690002,161.220001,72.470001,46.869999,45.016666
2022-02-24,162.740005,121.970001,245.029999,60.509998,163.789993,158.139999,74.809998,45.959999,44.843334
2022-02-25,164.850006,124.18,249.449997,62.849998,168.380005,166.0,76.349998,47.720001,45.459999
2022-02-28,165.119995,122.510002,244.770004,62.240002,163.740005,164.570007,75.970001,46.939999,45.053333
2022-03-01,163.199997,121.349998,239.630005,61.970001,162.270004,164.0,76.010002,45.75,45.330002
2022-03-02,166.559998,123.860001,240.940002,62.43,164.520004,166.039993,78.279999,47.700001,45.386665
2022-03-03,166.229996,125.93,236.649994,62.470001,163.270004,168.479996,78.25,47.830002,46.43
2022-03-04,163.169998,126.620003,235.809998,62.57,165.75,169.479996,76.489998,48.650002,47.606667
2022-03-07,159.300003,126.07,224.330002,61.080002,162.449997,172.210007,74.32,47.98,47.223331
2022-03-08,157.440002,125.68,222.789993,58.66,157.869995,168.720001,73.330002,47.439999,46.246666
2022-03-09,162.949997,126.220001,222.470001,58.959999,157.399994,169.360001,76.099998,48.75,46.486668
2022-03-10,158.520004,124.349998,222.0,57.880001,154.509995,169.660004,76.650002,49.200001,47.543331
2022-03-11,154.729996,123.959999,226.869995,57.919998,153.729996,169.350006,77.82,50.27,47.356667
2022-03-14,150.619995,123.940002,226.179993,58.540001,155.889999,171.690002,77.07,52.25,48.016666
2022-03-15,155.089996,125.639999,232.570007,59.619999,159.0,176.139999,80.599998,52.209999,48.593334
2022-03-16,159.589996,127.040001,238.139999,59.459999,159.699997,174.520004,79.959999,52.919998,48.450001
2022-03-17,160.619995,127.959999,237.470001,60.09,160.940002,176.800003,80.599998,54.240002,48.336666
2022-03-18,163.979996,128.759995,238.919998,60.099998,162.789993,174.839996,81.68,54.509998,48.48
2022-03-21,165.380005,128.100006,235.320007,60.580002,162.559998,175.830002,80.959999,54.189999,48.076668
2022-03-22,168.820007,129.059998,238.119995,60.799999,164.339996,175.0,81.800003,53.040001,47.933334
2022-03-23,170.210007,128.300003,236.119995,60.400002,163.479996,174.339996,80.389999,52.189999,47.316666
2022-03-24,174.070007,129.25,240.259995,60.98,164.470001,175.240005,82.239998,52.59,47.610001
2022-03-25,174.720001,131.350006,241.580002,61.529999,165.240005,176.919998,81.730003,52.779999,47.816666
2022-03-28,175.600006,131.470001,242.940002,61.919998,165.729996,177.830002,83.599998,53.279999,48.666668
2022-03-29,178.960007,131.940002,248.169998,62.16,168.190002,177.740005,84.290001,52.740002,49.076668
2022-03-30,177.770004,132.130005,249.029999,62.209999,167.960007,179.589996,83.360001,52.439999,49.956669
2022-03-31,174.610001,130.020004,247.279999,62.0,167.380005,177.229996,82.730003,51.77,49.639999
2022-04-01,174.309998,130.149994,249.25,62.869999,169.759995,178.190002,82.010002,51.57,50.336666
2022-04-04,178.440002,130.270004,246.830002,62.540001,169.320007,176.470001,84.07,50.939999,50.346668
2022-04-05,175.059998,128.889999,248.509995,62.470001,169.5,177.610001,82.940002,51.240002,50.490002
2022-04-06,171.830002,129.389999,251.460007,63.099998,172.389999,182.229996,82.120003,52.869999,51.663334
2022-04-07,172.139999,128.550003,254.360001,63.439999,172.550003,181.759995,81.540001,55.16,52.18
2022-04-08,170.089996,127.730003,251.460007,63.830002,173.130005,182.119995,80.940002,55.169998,52.470001
2022-04-11,165.75,126.370003,250.449997,63.810001,172.600006,179.839996,79.760002,53.93,51.43
2022-04-12,167.660004,125.980003,249.169998,64.559998,173.300003,179.899994,79.330002,53.110001,51.076668
2022-04-13,170.399994,126.139999,251.330002,64.730003,173.0,180.660004,79.75,53.099998,52.406666
2022-04-14,165.289993,126.559998,250.509995,65.019997,171.899994,179.899994,79.449997,53.119999,52.360001
2022-04-18,165.070007,126.169998,251.059998,64.440002,170.419998,177.660004,78.220001,51.84,51.959999
2022-04-19,167.399994,129.149994,255.399994,65.07,172.899994,183.080002,79.559998,50.18,52.549999
2022-04-20,167.229996,138.320007,255.850006,65.959999,175.470001,183.889999,80.290001,49.75,53.209999
2022-04-21,166.419998,139.850006,255.25,66.209999,174.839996,183.360001,79.480003,49.110001,53.290001
2022-04-22,161.789993,138.25,250.169998,65.25,172.149994,181.539993,76.209999,48.130001,52.286667
2022-04-25,162.880005,139.100006,252.880005,65.940002,173.740005,186.009995,76.980003,48.950001,52.313332
2022-04-26,156.800003,136.190002,248.580002,65.050003,173.300003,184.679993,74.510002,49.029999,51.766666
2022-04-27,156.570007,135.059998,247.139999,65.559998,174.850006,182.100006,74.760002,49.740002,51.413334
2022-04-28,163.639999,135.740005,254.190002,66.190002,177.5,183.460007,76.139999,50.509998,52.07
2022-04-29,157.649994,132.210007,249.160004,64.610001,171.710007,180.460007,73.400002,49.07,50.996666
2022-05-02,157.960007,133.039993,246.639999,63.439999,167.759995,178.639999,74.0,48.34,50.66
2022-05-03,159.479996,132.520004,245.869995,63.080002,167.990005,178.289993,73.290001,49.290001,50.836666
2022-05-04,166.020004,137.399994,254.320007,65.029999,173.860001,180.199997,75.209999,49.66,51.540001
2022-05-05,156.770004,135.919998,248.919998,64.510002,170.389999,176.759995,72.800003,48.450001,50.913334
2022-05-06,157.279999,137.669998,250.779999,64.739998,170.410004,176.369995,72.489998,49.040001,49.853333
2022-05-09,152.059998,134.440002,247.490005,64.610001,171.699997,177.330002,71.540001,48.639999,50.436668
2022-05-10,154.509995,129.130005,245.679993,64.010002,171.490005,177.089996,72.529999,49.490002,49.726665
2022-05-11,146.5,130.75,244.429993,64.309998,170.660004,176.130005,71.029999,49.450001,49.206669
2022-05-12,142.559998,132.899994,244.190002,64.510002,170.399994,177.869995,70.730003,50.389999,49.16
2022-05-13,147.110001,133.600006,245.039993,65.720001,173.720001,176.850006,71.169998,49.919998,49.349998
2022-05-16,145.539993,135.029999,244.039993,65.959999,175.470001,178.080002,69.709999,50.669998,49.403332
2022-05-17,149.240005,138.369995,241.630005,65.779999,174.460007,178.820007,71.879997,51.34,43.783333
2022-05-18,140.820007,132.940002,231.050003,61.200001,163.649994,175.5,68.300003,50.400002,40.810001
2022-05-19,137.350006,129.660004,229.0,60.0,161.199997,173.940002,67.040001,50.650002,39.689999
2022-05-20,137.589996,128.479996,233.910004,60.98,162.210007,176.979996,68.629997,52.470001,39.733334
2022-05-23,143.110001,131.169998,238.0,62.860001,165.600006,179.440002,70.040001,52.880001,40.866669
2022-05-24,140.360001,133.800003,244.520004,64.019997,167.820007,181.399994,69.029999,53.41,41.376667
2022-05-25,140.520004,134.389999,244.009995,64.07,168.970001,179.619995,69.830002,53.709999,41.123333
2022-05-26,143.779999,136.889999,248.089996,64.300003,170.110001,179.460007,71.660004,53.990002,42.0
2022-05-27,149.639999,139.270004,251.869995,64.68,171.770004,181.089996,72.779999,53.91,42.826668
2022-05-31,148.839996,138.839996,252.210007,63.380001,167.75,179.529999,71.919998,53.040001,42.876667
2022-06-01,148.710007,139.429993,249.279999,63.07,166.490005,177.710007,71.599998,52.369999,41.816666
2022-06-02,151.210007,140.149994,250.380005,63.73,166.679993,177.149994,73.139999,52.68,42.503334
2022-06-03,145.380005,141.179993,248.360001,62.970001,164.850006,176.419998,71.790001,53.200001,41.773335
2022-06-06,146.139999,142.880005,248.070007,62.869999,165.539993,176.399994,72.970001,53.259998,41.623333
2022-06-07,148.710007,142.779999,248.940002,63.25,166.559998,178.339996,72.690002,53.959999,41.123333
2022-06-08,147.960007,140.830002,245.610001,62.889999,165.729996,177.279999,71.379997,53.470001,40.766666
2022-06-09,142.639999,137.960007,242.160004,61.799999,162.779999,173.710007,69.220001,51.779999,40.34
2022-06-10,137.130005,136.190002,237.380005,61.41,162.520004,172.550003,67.139999,49.970001,40.566666
2022-06-13,131.880005,135.110001,238.470001,61.34,159.740005,170.809998,64.050003,47.91,39.803333
2022-06-14,132.759995,135.720001,238.759995,59.23,156.119995,168.190002,70.720001,47.919998,39.82
2022-06-15,135.429993,137.059998,238.899994,59.669998,157.789993,169.990005,69.699997,48.509998,39.793331
2022-06-16,130.059998,135.669998,235.190002,59.07,157.029999,170.080002,68.709999,47.48,40.206669
2022-06-17,131.559998,135.020004,234.380005,59.43,157.059998,169.460007,67.720001,46.529999,39.43
2022-06-21,135.869995,137.850006,239.589996,60.700001,160.710007,173.009995,67.68,48.110001,40.723331
2022-06-22,135.350006,137.080002,243.059998,61.150002,162.029999,175.740005,66.529999,49.07,40.23
2022-06-23,138.270004,138.440002,243.580002,61.880001,164.100006,179.660004,67.629997,50.09,41.206669
2022-06-24,141.660004,142.059998,247.899994,63.040001,166.130005,182.289993,70.699997,51.59,41.240002
2022-06-27,141.660004,142.800003,247.029999,62.91,166.350006,182.119995,70.410004,51.880001,41.373333
2022-06-28,137.440002,141.860001,242.830002,62.279999,164.009995,176.940002,68.580002,50.66,40.790001
2022-06-29,139.229996,140.710007,247.740005,62.73,166.729996,176.990005,69.209999,50.939999,40.639999
2022-06-30,136.720001,141.190002,246.880005,62.91,166.660004,177.509995,69.870003,52.43,40.526669
2022-07-01,138.929993,141.119995,252.960007,64.379997,169.389999,179.520004,70.870003,52.310001,40.876667
2022-07-05,141.559998,137.619995,252.289993,63.279999,169.009995,178.139999,71.989998,51.639999,41.416668
2022-07-06,142.919998,138.080002,251.460007,63.41,170.699997,178.300003,71.660004,52.75,41.709999
2022-07-07,146.350006,140.830002,252.940002,62.91,170.360001,178.5,71.830002,53.419998,41.773335
2022-07-08,147.039993,140.470001,253.240005,63.139999,171.880005,178.279999,71.870003,53.169998,41.799999
2022-07-11,144.869995,141.0,253.279999,62.939999,170.470001,178.350006,71.57,52.889999,41.816666
2022-07-12,145.860001,139.179993,251.479996,62.669998,169.5,175.850006,70.410004,52.040001,41.689999
2022-07-13,145.490005,137.179993,252.669998,62.380001,170.100006,175.440002,70.029999,51.790001,41.790001
2022-07-14,148.470001,139.059998,252.600006,62.18,170.979996,175.679993,69.449997,51.389999,42.606667
2022-07-15,150.169998,139.919998,255.009995,62.5,171.119995,178.229996,70.739998,51.75,43.023335
2022-07-18,147.070007,138.130005,252.419998,61.650002,168.259995,174.229996,70.209999,50.75,42.923332
2022-07-19,151.0,130.880005,256.5,62.529999,170.059998,171.690002,72.239998,51.369999,43.186668
2022-07-20,153.039993,129.179993,254.580002,61.5,168.259995,170.710007,72.589996,50.82,43.546665
2022-07-21,155.350006,127.150002,253.470001,61.360001,168.509995,171.309998,74.540001,51.119999,44.183334
2022-07-22,154.089996,128.25,253.990005,61.59,169.610001,172.119995,74.900002,51.23,44.07
2022-07-25,152.949997,128.539993,250.380005,62.189999,169.850006,172.460007,74.860001,51.77,44.006668
2022-07-26,151.600006,128.080002,257.089996,63.209999,171.830002,173.679993,74.029999,52.299999,40.66
2022-07-27,156.789993,129.119995,258.890015,63.009998,171.589996,173.199997,75.870003,51.950001,42.196667
2022-07-28,157.350006,129.220001,263.459991,64.059998,174.839996,174.199997,77.040001,50.720001,43.25
2022-07-29,162.509995,130.789993,263.369995,64.169998,174.960007,174.520004,77.839996,50.509998,44.016666
2022-08-01,161.509995,132.039993,264.230011,64.519997,176.949997,173.910004,77.440002,50.610001,44.18
2022-08-02,160.009995,131.809998,261.049988,63.639999,175.490005,172.919998,76.349998,49.689999,44.226665
2022-08-03,166.130005,132.339996,262.089996,63.919998,176.830002,174.589996,77.370003,49.860001,43.5
2022-08-04,165.809998,131.639999,260.640015,63.669998,175.869995,171.789993,77.400002,49.860001,41.856667
2022-08-05,165.350006,132.479996,259.230011,63.380001,174.550003,171.110001,77.349998,49.27,42.193333
2022-08-08,164.869995,132.610001,256.799988,62.970001,173.850006,170.199997,76.470001,49.57,42.536667
2022-08-09,164.919998,129.470001,260.059998,63.049999,174.5,170.179993,76.769997,49.779999,42.956669
2022-08-10,169.240005,131.5,261.359985,63.650002,175.940002,170.669998,77.540001,49.950001,43.046665
2022-08-11,168.490005,132.539993,259.279999,63.220001,175.039993,167.139999,77.160004,48.290001,43.273335
2022-08-12,172.100006,134.009995,262.179993,63.700001,177.330002,165.300003,79.150002,50.110001,44.073334
2022-08-15,173.190002,134.929993,265.440002,64.5,179.279999,166.089996,79.110001,49.75,44.200001
2022-08-16,173.029999,136.559998,266.290009,65.029999,180.320007,167.570007,79.519997,49.860001,46.456669
2022-08-17,174.550003,137.789993,266.820007,64.879997,180.220001,167.580002,79.25,49.27,46.506668
2022-08-18,174.149994,139.070007,266.579987,65.220001,180.399994,166.770004,79.32,48.580002,46.356667
2022-08-19,171.520004,138.369995,266.540009,65.169998,180.169998,169.309998,78.660004,49.150002,45.673332
2022-08-22,167.570007,135.550003,262.950012,64.199997,178.449997,167.589996,76.459999,48.900002,44.856667
2022-08-23,167.229996,134.740005,260.540009,64.269997,178.369995,166.130005,76.410004,48.009998,44.666668
2022-08-24,167.529999,133.229996,260.859985,64.360001,179.259995,165.580002,76.169998,47.43,44.990002
2022-08-25,170.029999,133.979996,262.559998,64.669998,179.270004,167.130005,76.889999,47.900002,45.290001
2022-08-26,163.619995,130.380005,256.950012,63.110001,175.039993,164.270004,74.650002,46.82,43.866669
2022-08-29,161.380005,130.309998,255.660004,62.73,174.490005,163.0,74.190002,46.23,44.293331
2022-08-30,158.910004,129.580002,253.490005,62.150002,172.990005,162.429993,74.139999,45.849998,44.16
2022-08-31,157.220001,128.449997,252.279999,61.709999,172.270004,161.339996,74.150002,45.23,44.183334
2022-09-01,157.960007,129.660004,256.470001,62.0,172.850006,165.339996,75.300003,46.630001,44.826668
2022-09-02,155.809998,127.790001,254.509995,61.150002,170.660004,162.740005,74.68,45.700001,44.333332
2022-09-06,154.529999,126.720001,254.389999,61.18,169.509995,163.179993,73.830002,45.759998,44.113335
2022-09-07,155.960007,127.709999,258.420013,62.310001,173.25,164.070007,74.489998,46.130001,45.246666
2022-09-08,154.460007,128.470001,260.079987,62.119999,172.669998,165.389999,74.650002,47.080002,45.476665
2022-09-09,157.369995,129.190002,259.519989,62.32,173.220001,165.710007,75.910004,47.84,45.613335
2022-09-12,163.429993,130.660004,260.369995,62.5,173.899994,165.639999,77.080002,47.759998,46.023335
2022-09-13,153.839996,127.25,254.330002,60.470001,167.410004,161.330002,76.040001,46.189999,45.073334
2022-09-14,155.309998,127.690002,255.720001,60.790001,168.679993,164.660004,72.120003,46.150002,44.973331
2022-09-15,152.369995,125.489998,253.470001,59.529999,165.880005,165.080002,70.239998,45.939999,44.490002
2022-09-16,150.699997,127.269997,254.910004,59.540001,166.970001,167.600006,68.830002,46.029999,44.396667
2022-09-19,154.479996,127.730003,257.01001,59.990002,168.729996,166.279999,69.07,45.439999,44.776669
2022-09-20,156.899994,126.300003,255.399994,59.900002,168.919998,164.970001,68.110001,44.77,44.516666
2022-09-21,153.720001,124.93,251.080002,59.400002,168.440002,163.279999,66.75,43.919998,44.923332
2022-09-22,152.740005,125.309998,247.940002,59.259998,168.600006,166.179993,66.029999,44.57,44.463333
2022-09-23,150.429993,122.709999,245.949997,58.599998,168.520004,166.720001,64.550003,44.080002,43.353333
2022-09-26,150.770004,122.010002,243.759995,57.869999,168.449997,165.699997,63.450001,43.830002,43.77
2022-09-27,151.759995,121.739998,236.699997,56.380001,166.009995,164.940002,62.419998,44.09,43.650002
2022-09-28,149.839996,122.760002,236.940002,56.98,168.669998,166.360001,63.07,44.43,44.369999
2022-09-29,142.479996,121.629997,234.399994,56.57,166.610001,164.529999,61.400002,44.16,44.083332
2022-09-30,138.199997,118.809998,230.740005,56.02,163.259995,163.360001,61.07,43.759998,43.233334
2022-10-03,142.449997,121.510002,235.339996,56.650002,165.25,163.199997,63.080002,44.139999,44.176666
2022-10-04,146.100006,125.5,238.5,56.779999,167.110001,165.619995,65.690002,44.459999,44.75
2022-10-05,146.399994,125.739998,239.089996,56.240002,166.0,165.110001,66.639999,44.119999,44.306667
2022-10-06,145.429993,122.230003,234.75,55.029999,162.800003,161.910004,65.300003,43.09,43.893333
2022-10-07,140.089996,118.82,233.190002,54.509998,161.610001,160.199997,63.290001,42.32,42.853333
2022-10-10,140.419998,117.75,234.949997,54.389999,161.820007,160.410004,62.57,41.75,43.106667
2022-10-11,138.979996,117.800003,237.050003,54.48,162.589996,162.729996,62.41,41.919998,44.223331
2022-10-12,138.339996,117.57,237.059998,55.139999,169.389999,162.690002,63.779999,42.029999,43.723331
2022-10-13,142.990005,121.790001,246.75,55.869999,174.610001,165.149994,65.199997,42.98,44.093334
2022-10-14,138.380005,120.040001,243.160004,54.98,170.190002,164.460007,64.309998,42.860001,43.476665
2022-10-17,142.410004,121.519997,246.479996,55.689999,172.729996,166.589996,67.019997,43.650002,43.790001
2022-10-18,143.75,122.940002,249.190002,56.439999,175.059998,166.009995,67.029999,44.09,44.713333
2022-10-19,143.860001,122.510002,250.75,55.959999,173.360001,164.690002,66.300003,43.110001,44.586666
2022-10-20,143.389999,128.300003,249.770004,55.080002,171.460007,165.110001,69.25,42.91,44.696667
2022-10-21,147.270004,129.899994,254.550003,55.959999,173.059998,168.710007,72.699997,44.950001,45.599998
2022-10-24,149.449997,132.690002,255.320007,57.57,177.679993,170.979996,72.919998,45.540001,46.470001
2022-10-25,152.339996,132.929993,255.729996,58.950001,178.270004,170.710007,73.139999,45.59,46.689999
2022-10-26,149.350006,135.009995,256.609985,59.389999,179.070007,172.210007,74.82,46.060001,47.046665
2022-10-27,144.800003,134.770004,265.109985,59.529999,178.880005,172.309998,75.150002,45.740002,46.91
2022-10-28,155.740005,138.509995,274.519989,60.759998,182.229996,174.869995,77.360001,47.43,47.503334
2022-10-31,153.339996,138.289993,272.660004,59.849998,181.580002,173.970001,78.07,46.549999,47.443333
2022-11-01,150.649994,138.199997,272.950012,59.639999,180.759995,173.089996,77.110001,48.009998,47.23
2022-11-02,145.029999,136.830002,270.369995,58.810001,178.240005,170.429993,75.120003,47.07,46.916668
2022-11-03,138.880005,134.470001,272.950012,58.779999,177.779999,170.720001,75.029999,46.57,46.906666
2022-11-04,138.380005,136.960007,274.619995,59.259998,178.779999,171.479996,76.0,47.220001,46.990002
2022-11-07,138.919998,138.339996,276.410004,59.490002,180.210007,172.979996,76.739998,47.09,47.483334
2022-11-08,139.5,140.039993,278.399994,59.599998,180.710007,173.839996,75.639999,47.349998,47.596668
2022-11-09,134.869995,137.389999,277.790009,58.77,178.550003,172.449997,75.660004,46.720001,46.490002
2022-11-10,146.869995,141.229996,275.880005,60.880001,181.699997,174.470001,77.169998,47.380001,47.453335
2022-11-11,149.699997,143.169998,271.390015,61.32,178.050003,169.25,77.739998,47.599998,47.526669
2022-11-14,148.279999,144.199997,272.269989,60.73,176.729996,171.910004,78.529999,49.240002,46.130001
2022-11-15,150.039993,144.339996,267.839996,60.630001,177.190002,172.389999,79.18,48.57,49.146667
2022-11-16,148.789993,144.520004,272.51001,60.52,178.330002,173.460007,79.889999,48.049999,49.5
2022-11-17,150.720001,146.089996,273.359985,60.709999,180.029999,174.860001,79.199997,48.330002,49.333332
2022-11-18,151.289993,147.639999,273.369995,61.139999,181.330002,176.199997,79.730003,48.23,50.076668
2022-11-21,148.009995,146.679993,274.519989,62.080002,184.820007,175.970001,79.82,48.18,50.383331
2022-11-22,150.179993,149.100006,274.76001,62.349998,184.839996,176.820007,82.120003,49.080002,50.563332
2022-11-23,151.070007,148.75,273.269989,62.630001,185.080002,177.009995,82.559998,48.849998,50.806667
2022-11-25,148.110001,148.369995,275.0,62.689999,184.110001,177.240005,82.720001,49.209999,51.023335
2022-11-28,144.220001,146.179993,272.880005,62.700001,183.889999,177.330002,81.389999,49.57,51.169998
2022-11-29,141.169998,146.490005,271.410004,62.48,182.589996,176.089996,80.849998,49.490002,50.990002
2022-11-30,148.029999,148.899994,272.790009,63.610001,185.509995,178.0,83.029999,50.130001,50.806667
2022-12-01,148.309998,149.160004,273.399994,63.790001,185.899994,178.740005,84.110001,51.080002,51.123333
2022-12-02,147.809998,148.669998,273.399994,64.349998,185.690002,178.880005,83.349998,50.91,51.073334
2022-12-05,146.630005,147.410004,271.589996,63.470001,183.119995,178.779999,79.43,50.73,50.549999
2022-12-06,142.910004,147.5,271.769989,63.439999,181.630005,176.100006,78.910004,49.709999,49.963333
2022-12-07,140.940002,147.270004,270.339996,63.540001,182.179993,177.169998,78.779999,50.240002,49.703335
2022-12-08,142.649994,147.779999,273.390015,63.810001,183.779999,177.199997,80.07,51.779999,49.593334
2022-12-09,142.160004,147.050003,272.040009,63.139999,183.100006,175.740005,79.860001,51.720001,48.436668
2022-12-12,144.490005,149.210007,276.619995,63.970001,183.970001,177.839996,81.279999,52.16,49.34
2022-12-13,145.470001,150.570007,274.279999,63.990002,183.869995,179.210007,80.559998,53.07,49.163334
2022-12-14,143.210007,149.860001,274.529999,63.990002,183.360001,179.759995,81.82,54.48,48.889999
2022-12-15,136.5,142.360001,271.730011,63.110001,180.25,177.490005,80.07,53.610001,48.453335
2022-12-16,134.509995,140.160004,266.119995,62.75,180.339996,175.669998,79.580002,51.400002,47.583332
2022-12-19,132.369995,138.869995,265.829987,62.84,181.339996,175.479996,80.5,51.360001,47.599998
2022-12-20,132.300003,141.279999,267.25,62.790001,181.229996,175.669998,80.940002,51.32,48.016666
2022-12-21,135.449997,142.139999,268.160004,63.799999,182.5,177.679993,81.5,51.66,48.393333
2022-12-22,132.229996,140.880005,265.769989,63.34,181.089996,177.029999,80.489998,51.639999,47.826668
2022-12-23,131.860001,141.649994,267.570007,63.82,182.259995,177.479996,80.849998,51.830002,47.923332
2022-12-27,130.029999,142.419998,266.839996,64.209999,183.070007,177.429993,80.980003,51.130001,47.936668
2022-12-28,126.040001,140.020004,265.109985,63.57,181.75,176.660004,80.330002,50.799999,47.096668
2022-12-29,129.610001,141.059998,265.929993,63.950001,181.979996,177.559998,81.400002,51.330002,47.383331
2022-12-30,129.929993,140.889999,263.529999,63.610001,180.660004,176.649994,81.739998,51.240002,47.263332
2023-01-03,125.07,141.550003,264.329987,62.950001,179.410004,178.190002,83.720001,51.259998,47.866669
2023-01-04,126.360001,142.600006,264.390015,62.919998,178.970001,180.130005,84.480003,50.130001,47.919998
2023-01-05,125.019997,141.110001,262.160004,62.200001,177.100006,178.800003,84.309998,49.66,47.756668
2023-01-06,129.619995,143.699997,269.470001,63.400002,181.100006,180.25,85.660004,50.919998,48.926666
2023-01-09,130.149994,143.550003,267.25,62.610001,179.330002,175.580002,86.419998,48.389999,48.316666
2023-01-10,130.729996,144.800003,268.910004,62.130001,177.850006,175.160004,86.5,47.619999,48.286667
2023-01-11,133.490005,145.259995,268.809998,62.009998,178.050003,174.880005,88.599998,47.450001,48.709999
2023-01-12,133.410004,145.550003,266.690002,61.209999,175.779999,174.0,88.779999,47.709999,48.27
2023-01-13,134.759995,145.889999,268.890015,61.43,175.240005,173.429993,89.199997,47.849998,48.43
2023-01-17,135.940002,145.190002,274.109985,61.68,176.059998,172.360001,88.599998,46.080002,48.136665
2023-01-18,135.210007,140.410004,266.040009,59.810001,171.619995,169.759995,86.709999,45.0,46.946667
2023-01-19,135.270004,140.619995,263.579987,59.720001,169.630005,169.529999,85.940002,44.959999,46.276669
2023-01-20,137.869995,141.199997,268.579987,60.080002,169.880005,168.740005,87.25,45.110001,46.846668
2023-01-23,141.110001,141.860001,269.290009,60.23,169.119995,168.309998,88.970001,44.98,47.546665
2023-01-24,142.529999,141.490005,269.559998,60.549999,170.690002,168.309998,89.699997,44.709999,47.673332
2023-01-25,141.860001,140.759995,273.0,60.93,171.929993,169.509995,89.639999,45.07,47.446667
2023-01-26,143.960007,134.449997,274.720001,60.810001,170.220001,168.889999,89.830002,44.25,47.403332
2023-01-27,145.929993,134.389999,272.459991,60.490002,169.619995,168.229996,88.989998,43.790001,47.766666
2023-01-30,143.0,135.300003,270.890015,60.639999,169.479996,162.0,87.349998,43.549999,47.383331
2023-01-31,144.289993,134.729996,267.399994,61.32,171.020004,163.419998,88.459999,44.16,47.956669
2023-02-01,145.429993,135.089996,266.269989,61.330002,171.559998,164.919998,90.050003,43.970001,48.223331
2023-02-02,150.820007,136.389999,263.209991,60.279999,169.970001,165.539993,89.379997,44.34,47.873333
2023-02-03,154.5,136.940002,264.230011,59.830002,169.119995,164.610001,89.620003,44.060001,47.236668
2023-02-06,151.729996,136.179993,267.920013,60.169998,171.820007,163.360001,88.529999,43.759998,46.893333
2023-02-07,154.649994,135.839996,267.339996,60.07,171.559998,163.399994,87.739998,43.59,46.993332
2023-02-08,151.919998,135.979996,262.820007,59.720001,171.160004,163.610001,86.690002,43.98,46.740002
2023-02-09,150.869995,133.75,260.660004,59.619999,172.779999,161.399994,86.650002,43.34,47.173332
2023-02-10,151.009995,135.600006,262.420013,59.619999,176.199997,162.149994,87.139999,43.880001,47.906666
2023-02-13,153.850006,137.350006,266.200012,60.599998,177.770004,162.75,89.419998,43.990002,48.636665
2023-02-14,153.199997,136.009995,266.609985,59.59,175.770004,162.039993,89.089996,43.720001,48.496666
2023-02-15,155.330002,136.399994,266.559998,59.59,176.009995,159.369995,88.339996,43.32,48.856667
2023-02-16,153.710007,135.0,265.829987,59.220001,175.509995,158.240005,87.720001,42.950001,48.09
2023-02-17,152.550003,135.020004,269.98999,60.119999,176.279999,160.389999,87.279999,43.209999,48.813332
2023-02-21,148.479996,131.710007,268.549988,59.799999,176.179993,158.0,86.199997,42.700001,49.110001
2023-02-22,148.910004,130.970001,268.640015,59.98,176.119995,157.779999,86.32,42.380001,48.080002
2023-02-23,149.399994,130.789993,266.779999,60.09,176.309998,157.729996,88.580002,42.299999,47.363335
2023-02-24,146.710007,130.570007,263.679993,59.84,175.960007,155.970001,88.660004,41.75,47.490002
2023-02-27,147.919998,130.490005,264.779999,59.82,175.910004,155.630005,87.959999,40.779999,47.146667
2023-02-28,147.410004,129.300003,263.910004,59.509998,173.529999,153.259995,87.400002,40.57,47.376667
2023-03-01,145.309998,128.190002,262.720001,58.860001,171.330002,152.570007,86.339996,40.18,46.716667
2023-03-02,145.910004,128.929993,267.570007,59.720001,173.320007,152.449997,86.970001,40.619999,46.833332
2023-03-03,151.029999,129.639999,269.070007,59.439999,173.149994,154.020004,89.25,41.150002,46.889999
2023-03-06,153.830002,130.190002,270.640015,60.360001,173.5,155.559998,89.739998,41.110001,46.883331
2023-03-07,151.600006,128.25,267.130005,60.009998,172.639999,154.089996,88.360001,40.34,46.416668
2023-03-08,152.869995,128.050003,265.329987,60.040001,173.110001,152.960007,88.489998,40.119999,46.033333
2023-03-09,150.589996,126.160004,261.630005,59.459999,171.800003,151.240005,86.870003,39.459999,45.723331
2023-03-10,148.5,125.449997,262.029999,59.209999,172.029999,151.610001,84.07,39.389999,45.656666
2023-03-13,150.470001,125.580002,263.079987,59.810001,173.710007,153.059998,84.93,39.860001,45.790001
2023-03-14,152.589996,124.650002,265.899994,60.029999,173.529999,153.919998,84.559998,39.900002,46.033333
2023-03-15,152.990005,123.279999,266.339996,60.43,176.630005,154.350006,82.980003,40.279999,46.546665
2023-03-16,155.850006,124.699997,270.570007,60.299999,176.509995,154.029999,84.82,40.369999,46.093334
2023-03-17,155.0,123.690002,267.200012,60.02,175.130005,152.380005,85.260002,40.099998,46.466667
2023-03-20,157.399994,125.940002,270.73999,60.599998,177.589996,153.889999,86.959999,40.810001,46.966667
2023-03-21,159.279999,126.57,270.209991,60.32,178.009995,153.889999,87.580002,40.66,46.806667
2023-03-22,157.830002,124.050003,267.869995,60.049999,176.509995,151.050003,87.900002,40.009998,46.506668
2023-03-23,158.929993,123.370003,269.619995,59.919998,175.649994,151.130005,87.779999,40.18,46.883331
2023-03-24,160.25,125.290001,271.329987,60.900002,179.089996,152.649994,88.010002,40.389999,47.266666
2023-03-27,158.279999,129.309998,273.839996,61.349998,179.490005,153.300003,90.139999,40.220001,48.056667
2023-03-28,157.649994,129.339996,275.850006,61.419998,179.429993,151.820007,89.849998,39.990002,47.869999
2023-03-29,160.770004,129.710007,277.440002,61.860001,180.669998,153.309998,90.620003,40.25,48.076668
2023-03-30,162.360001,129.220001,277.790009,61.849998,180.830002,153.429993,90.510002,40.380001,48.556667
2023-03-31,164.899994,131.089996,279.609985,62.029999,182.300003,155.0,92.919998,40.799999,49.150002
2023-04-03,166.169998,132.059998,282.140015,62.400002,182.5,156.850006,93.919998,41.349998,49.563332
2023-04-04,165.630005,131.600006,282.279999,62.209999,181.850006,158.490005,94.0,40.900002,49.076668
2023-04-05,163.759995,132.139999,282.019989,62.799999,183.639999,165.610001,94.889999,41.549999,49.889999
2023-04-06,164.660004,130.5,282.890015,62.84,184.360001,165.149994,95.919998,41.5,50.266666
2023-04-10,162.029999,131.029999,283.779999,62.689999,183.199997,164.320007,93.760002,41.73,50.169998
2023-04-11,160.800003,130.419998,284.480011,62.580002,182.919998,164.270004,93.970001,41.790001,50.023335
2023-04-12,160.100006,128.539993,285.299988,62.689999,182.559998,163.919998,93.900002,41.369999,49.779999
2023-04-13,165.559998,127.900002,289.070007,63.150002,184.380005,166.110001,95.550003,41.470001,49.830002
2023-04-14,165.210007,128.139999,288.980011,63.049999,183.509995,165.839996,95.709999,41.189999,49.493332
2023-04-17,165.229996,127.82,289.309998,63.459999,184.449997,165.669998,95.589996,41.18,49.84
2023-04-18,166.470001,127.779999,290.910004,63.560001,184.830002,161.009995,96.470001,40.549999,49.950001
2023-04-19,167.630005,126.32,291.269989,63.68,184.720001,162.529999,95.809998,40.240002,50.003334
2023-04-20,166.649994,126.360001,291.0,63.959999,185.330002,163.580002,94.830002,39.849998,50.323334
2023-04-21,165.020004,125.730003,292.059998,64.050003,185.410004,162.690002,95.150002,40.209999,50.576668
2023-04-24,165.330002,125.400002,293.200012,63.950001,185.5,163.679993,95.440002,39.91,50.919998
2023-04-25,163.770004,125.889999,291.51001,63.849998,189.710007,165.179993,94.059998,39.330002,50.523335
2023-04-26,163.759995,125.849998,289.76001,63.549999,188.539993,162.619995,93.709999,38.630001,50.303333
2023-04-27,168.410004,126.970001,294.720001,63.68,189.690002,163.0,95.040001,38.740002,50.459999
2023-04-28,169.679993,126.410004,295.75,64.150002,190.889999,163.699997,94.720001,38.889999,50.323334
2023-05-01,169.589996,126.089996,297.579987,64.300003,191.679993,163.600006,94.870003,39.209999,50.529999
2023-05-02,168.539993,125.160004,298.070007,64.010002,192.25,165.029999,94.800003,39.060001,50.393333
2023-05-03,167.449997,123.449997,295.220001,63.650002,192.179993,162.869995,94.779999,38.450001,50.206669
2023-05-04,165.789993,122.57,295.160004,63.720001,193.380005,162.130005,94.970001,38.23,50.156666
2023-05-05,173.570007,123.650002,296.600006,64.019997,194.270004,162.679993,96.970001,38.490002,50.59
2023-05-08,173.5,123.400002,296.690002,63.919998,193.350006,162.309998,96.790001,38.669998,50.906666
2023-05-09,171.770004,121.169998,296.660004,63.389999,194.139999,161.050003,96.139999,38.48,50.993332
2023-05-10,173.559998,122.019997,296.570007,63.5,194.270004,161.649994,97.519997,38.299999,50.849998
2023-05-11,173.75,120.900002,294.790009,63.860001,195.339996,160.990005,97.440002,37.580002,51.040001
2023-05-12,172.570007,122.839996,296.140015,64.110001,196.119995,160.779999,97.849998,37.349998,51.023335
2023-05-15,172.070007,123.360001,295.899994,63.939999,194.270004,159.550003,97.260002,37.16,50.626667
2023-05-16,172.070007,123.459999,294.149994,63.220001,193.429993,159.339996,98.25,37.009998,49.926666
2023-05-17,172.690002,125.709999,293.459991,63.150002,192.059998,158.990005,99.769997,36.75,49.843334
2023-05-18,175.050003,126.150002,294.049988,62.799999,191.559998,158.479996,102.339996,36.48,50.490002
2023-05-19,175.160004,127.260002,295.549988,62.830002,191.839996,158.910004,102.839996,36.77,49.970001
2023-05-22,174.199997,127.5,289.350006,61.509998,186.639999,156.869995,101.769997,38.75,49.529999
2023-05-23,171.559998,128.179993,286.369995,61.400002,186.070007,156.809998,98.540001,39.639999,49.436668
2023-05-24,171.839996,125.68,285.920013,60.880001,184.889999,156.660004,98.32,38.630001,49.209999
2023-05-25,172.990005,126.760002,285.519989,60.41,183.800003,154.410004,104.290001,37.830002,48.720001
2023-05-26,175.429993,128.889999,286.040009,60.259998,183.580002,154.350006,104.080002,37.599998,48.806667
2023-05-30,177.300003,129.479996,284.920013,59.779999,181.610001,154.369995,105.150002,37.009998,48.686668
2023-05-31,177.25,128.589996,285.109985,59.66,182.350006,155.059998,105.940002,38.02,48.956669
2023-06-01,180.089996,129.820007,287.869995,60.0,182.190002,154.539993,105.989998,38.02,49.136665
2023-06-02,180.949997,132.419998,289.910004,61.16,184.059998,156.970001,105.889999,38.360001,49.606667
2023-06-05,179.580002,132.639999,288.429993,60.75,184.190002,158.320007,106.93,38.650002,49.933334
2023-06-06,179.210007,132.690002,284.540009,60.310001,181.559998,158.179993,107.099998,38.369999,49.926666
2023-06-07,177.820007,134.380005,281.899994,60.220001,180.110001,158.520004,105.25,38.889999,50.0
2023-06-08,180.570007,134.410004,285.779999,60.369999,182.100006,160.259995,107.480003,39.09,50.723331
2023-06-09,180.960007,135.300003,286.790009,60.470001,182.350006,160.009995,109.849998,38.970001,51.029999
2023-06-12,183.789993,136.419998,288.570007,60.209999,181.899994,159.899994,116.43,39.900002,51.366669
2023-06-13,183.309998,137.600006,288.549988,60.450001,181.539993,160.740005,116.68,40.279999,51.766666
2023-06-14,183.949997,137.199997,288.440002,60.860001,183.169998,161.559998,122.269997,39.360001,52.290001
2023-06-15,186.009995,138.399994,292.609985,61.23,185.710007,163.729996,126.550003,39.75,52.576668
2023-06-16,184.919998,137.479996,293.700012,61.669998,186.039993,164.229996,125.459999,40.060001,51.843334
2023-06-20,185.009995,135.960007,293.040009,61.259998,185.309998,164.130005,122.040001,39.34,51.386665
2023-06-21,183.960007,133.690002,294.519989,61.43,185.429993,163.880005,122.099998,38.900002,51.486668
2023-06-22,187.0,131.169998,293.299988,61.849998,187.350006,165.619995,120.580002,38.73,51.916668
2023-06-23,186.679993,129.429993,289.910004,61.200001,186.070007,165.479996,118.639999,38.299999,51.82
2023-06-26,185.270004,131.339996,289.089996,61.220001,184.889999,163.630005,116.779999,36.889999,51.683334
2023-06-27,188.059998,132.339996,291.299988,61.09,186.220001,163.289993,117.839996,36.419998,51.496666
2023-06-28,189.25,131.759995,291.73999,60.52,183.699997,162.960007,116.529999,36.290001,51.776669
2023-06-29,189.589996,134.059998,294.470001,60.02,183.880005,164.100006,117.779999,36.119999,51.426666
2023-06-30,193.970001,133.809998,298.410004,60.220001,185.220001,165.520004,119.089996,36.68,52.393333
2023-07-03,192.460007,133.669998,294.839996,60.580002,185.600006,163.350006,117.150002,36.650002,52.733334
2023-07-05,191.330002,134.240005,296.899994,61.029999,186.580002,162.809998,115.959999,36.459999,52.703335
2023-07-06,191.809998,132.160004,294.920013,60.560001,186.600006,161.600006,115.449997,35.630001,52.369999
2023-07-07,190.679993,132.080002,292.100006,59.759998,183.080002,159.25,114.610001,35.529999,51.163334
2023-07-10,188.610001,132.899994,294.48999,59.310001,184.300003,159.509995,114.379997,35.68,51.626667
2023-07-11,188.080002,134.440002,294.73999,59.52,183.979996,158.630005,114.879997,36.02,51.549999
2023-07-12,189.770004,132.839996,295.609985,59.84,183.169998,158.080002,116.019997,35.990002,51.68
2023-07-13,190.539993,133.919998,295.220001,60.349998,187.529999,158.809998,117.449997,36.060001,51.376667
2023-07-14,190.690002,133.399994,294.940002,60.900002,188.210007,159.869995,119.269997,36.32,51.553333
2023-07-17,193.990005,134.240005,294.679993,60.810001,185.630005,159.070007,118.889999,35.860001,51.616669
2023-07-18,193.729996,135.360001,293.820007,60.57,184.449997,159.059998,120.769997,36.240002,51.523335
2023-07-19,195.100006,135.479996,294.130005,61.639999,186.259995,158.740005,118.690002,36.439999,51.540001
2023-07-20,193.130005,138.380005,297.130005,62.389999,189.300003,168.380005,115.879997,36.77,52.493332
2023-07-21,191.940002,138.940002,295.609985,62.439999,190.160004,170.190002,117.650002,37.400002,52.790001
2023-07-24,192.75,139.539993,295.309998,62.459999,190.919998,171.080002,118.07,37.509998,53.099998
2023-07-25,193.619995,140.330002,292.359985,62.25,191.360001,172.389999,117.949997,37.060001,53.056667
2023-07-26,194.5,141.070007,291.75,63.049999,191.600006,172.720001,115.5,37.209999,53.246666
2023-07-27,193.220001,142.970001,295.190002,62.439999,188.529999,173.690002,116.400002,36.200001,53.053333
2023-07-28,195.830002,143.449997,294.029999,62.48,190.309998,174.479996,115.989998,36.07,53.303333
2023-07-31,196.449997,144.179993,293.200012,61.93,187.460007,167.529999,117.230003,36.060001,53.286667
2023-08-01,195.610001,143.330002,291.070007,61.77,186.820007,168.889999,117.910004,35.610001,53.036667
2023-08-02,192.580002,144.169998,289.619995,61.959999,188.309998,169.910004,115.709999,35.349998,53.073334
2023-08-03,191.169998,144.449997,291.019989,61.639999,187.119995,170.639999,114.550003,35.0,53.086666
2023-08-04,181.990005,144.240005,287.019989,60.709999,184.600006,169.039993,114.440002,35.02,52.779999
2023-08-07,178.850006,146.179993,291.399994,61.189999,186.889999,173.100006,116.099998,35.68,53.496666
2023-08-08,179.800003,145.910004,289.579987,60.919998,184.440002,173.179993,115.230003,35.639999,53.549999
2023-08-09,178.190002,142.490005,288.230011,61.060001,183.979996,173.070007,113.099998,35.84,53.636665
2023-08-10,177.970001,143.25,287.600006,60.919998,183.75,172.169998,112.989998,35.720001,53.419998
2023-08-11,177.789993,143.119995,288.619995,61.169998,184.039993,173.850006,113.059998,36.040001,53.733334
2023-08-14,179.460007,141.910004,288.809998,60.880001,183.619995,173.440002,115.57,36.07,53.333332
2023-08-15,177.449997,141.869995,288.299988,60.470001,181.350006,172.940002,117.290001,35.389999,53.060001
2023-08-16,176.570007,140.639999,285.399994,60.48,181.210007,172.389999,115.339996,35.48,53.086666
2023-08-17,174.0,140.660004,281.859985,60.610001,178.449997,174.009995,114.879997,36.509998,51.896667
2023-08-18,174.490005,141.410004,281.73999,60.950001,178.179993,172.490005,116.459999,36.66,52.643333
2023-08-21,175.839996,142.279999,280.040009,60.43,177.050003,167.350006,116.589996,37.009998,52.503334
2023-08-22,177.229996,141.490005,280.309998,60.060001,175.699997,166.020004,116.540001,36.84,52.336666
2023-08-23,181.119995,143.410004,281.869995,60.27,178.119995,164.529999,117.839996,36.66,52.700001
2023-08-24,176.380005,143.550003,282.350006,60.110001,177.179993,165.089996,112.910004,36.16,52.296665
2023-08-25,178.610001,145.350006,284.579987,60.389999,179.419998,166.25,116.059998,36.380001,52.606667
2023-08-28,180.190002,146.020004,283.679993,60.560001,180.25,164.289993,116.839996,36.209999,52.906666
2023-08-29,184.119995,146.449997,283.589996,60.5,180.929993,164.309998,120.650002,36.150002,53.349998
2023-08-30,187.649994,146.860001,284.23999,60.470001,181.080002,163.729996,121.120003,35.900002,53.733334
2023-08-31,187.869995,146.830002,281.149994,59.830002,177.919998,161.679993,120.389999,35.380001,54.203335
2023-09-01,189.460007,147.940002,280.940002,59.310001,175.320007,160.479996,120.93,35.779999,53.856667
2023-09-05,189.699997,148.130005,279.160004,58.82,174.160004,160.679993,123.980003,35.380001,53.423332
2023-09-06,182.910004,148.059998,275.440002,58.779999,174.729996,158.009995,124.330002,34.369999,53.823334
2023-09-07,177.559998,147.520004,278.329987,58.330002,176.399994,160.029999,125.089996,34.279999,54.490002
2023-09-08,178.179993,147.679993,279.220001,58.330002,176.270004,160.559998,126.32,34.25,54.59
2023-09-11,179.360001,148.380005,279.76001,58.880001,178.929993,162.660004,126.709999,33.939999,54.779999
2023-09-12,176.300003,146.300003,280.709991,58.299999,178.270004,163.580002,109.610001,34.150002,54.84
2023-09-13,174.210007,146.550003,281.769989,58.439999,179.679993,163.990005,111.839996,34.080002,54.853333
2023-09-14,175.740005,147.350006,284.76001,58.459999,181.229996,163.740005,113.660004,34.150002,55.083332
2023-09-15,175.009995,145.990005,278.230011,57.939999,179.839996,161.449997,113.910004,34.07,54.880001
2023-09-18,177.970001,145.089996,277.720001,58.299999,179.380005,162.470001,112.209999,33.639999,54.473331
2023-09-19,179.070007,146.520004,278.130005,58.18,178.320007,162.199997,112.769997,33.990002,54.459999
2023-09-20,175.490005,149.830002,277.200012,58.439999,178.380005,162.910004,112.870003,33.619999,54.636665
2023-09-21,173.929993,147.380005,271.220001,57.540001,175.380005,161.660004,109.43,32.849998,53.973331
2023-09-22,174.789993,146.910004,272.220001,57.599998,175.270004,160.5,109.029999,32.689999,54.116669
2023-09-25,176.080002,146.479996,269.779999,57.0,174.330002,160.259995,108.300003,32.98,54.356667
2023-09-26,171.960007,143.240005,267.720001,56.529999,172.520004,159.020004,104.879997,32.400002,54.166668
2023-09-27,170.429993,143.169998,263.640015,55.950001,169.570007,157.110001,104.620003,32.099998,53.906666
2023-09-28,170.690002,141.580002,265.589996,55.810001,169.5,156.880005,106.150002,32.09,54.18
2023-09-29,171.210007,140.300003,263.440002,55.98,169.440002,155.75,105.919998,33.169998,53.310001
2023-10-02,173.75,140.800003,257.75,55.48,169.169998,155.149994,106.709999,33.939999,53.366669
2023-10-03,172.399994,140.389999,254.490005,54.880001,167.699997,155.339996,104.519997,33.900002,53.029999
2023-10-04,173.660004,141.070007,255.809998,55.040001,168.910004,155.520004,107.080002,33.310001,53.666668
2023-10-05,174.910004,141.520004,252.229996,52.380001,160.100006,157.139999,108.349998,33.470001,53.026669
2023-10-06,177.490005,142.029999,248.220001,53.139999,160.289993,157.639999,109.959999,33.130001,52.136665
2023-10-09,178.990005,142.199997,249.919998,52.880001,161.360001,158.539993,110.32,33.200001,51.946667
2023-10-10,178.389999,142.110001,251.520004,54.029999,164.399994,158.360001,109.709999,33.169998,52.533333
2023-10-11,179.800003,143.229996,250.919998,53.709999,162.619995,156.179993,109.639999,33.110001,52.743332
2023-10-12,180.710007,141.240005,246.190002,52.810001,158.080002,156.330002,109.110001,32.919998,52.983334
2023-10-13,178.850006,138.460007,248.309998,52.889999,160.0,156.850006,108.25,32.110001,53.276669
2023-10-16,178.720001,139.210007,249.940002,53.43,161.080002,157.529999,108.709999,33.27,53.736668
2023-10-17,177.149994,140.320007,251.139999,54.07,160.369995,156.089996,109.040001,32.75,53.806667
2023-10-18,175.839996,139.970001,256.029999,54.049999,162.029999,152.729996,108.25,31.41,53.846668
2023-10-19,175.460007,138.009995,258.380005,54.349998,160.559998,152.320007,108.339996,31.190001,53.59
2023-10-20,172.880005,137.160004,258.109985,54.57,160.0,153.0,101.849998,30.65,52.919998
2023-10-23,173.0,136.380005,254.75,54.080002,160.080002,151.389999,103.660004,30.84,53.669998
2023-10-24,173.440002,137.789993,257.269989,55.639999,162.190002,151.229996,103.199997,30.43,54.416668
2023-10-25,171.100006,137.080002,258.029999,56.119999,162.350006,151.570007,101.43,30.73,54.253334
2023-10-26,166.889999,143.759995,255.830002,55.779999,161.410004,149.0,100.400002,31.16,53.923332
2023-10-27,168.220001,142.520004,255.759995,55.240002,159.619995,145.600006,100.989998,30.110001,53.723331
2023-10-30,170.289993,142.630005,260.149994,56.150002,162.279999,147.029999,101.650002,30.549999,54.34
2023-10-31,170.770004,144.639999,262.170013,56.490002,163.279999,148.339996,103.400002,30.559999,54.470001
2023-11-01,173.970001,145.399994,261.970001,56.439999,164.869995,148.690002,105.75,30.51,54.956669
2023-11-02,177.570007,147.009995,266.850006,57.09,166.830002,150.240005,106.870003,30.5,55.173332
2023-11-03,176.649994,147.899994,267.869995,56.740002,166.789993,151.339996,108.050003,31.26,54.886665
2023-11-06,179.229996,148.970001,268.910004,56.970001,166.699997,151.699997,109.110001,31.18,54.959999
2023-11-07,181.820007,148.830002,268.670013,57.18,167.179993,150.899994,108.989998,31.25,55.216667
2023-11-08,182.889999,148.029999,267.48999,57.09,167.389999,150.350006,112.330002,30.82,54.766666
2023-11-09,182.410004,146.619995,266.910004,56.66,166.160004,147.419998,112.18,29.68,54.639999
2023-11-10,186.399994,149.020004,267.790009,56.720001,166.919998,147.25,113.07,29.48,55.396667
2023-11-13,184.800003,148.100006,269.200012,56.93,167.770004,147.630005,114.150002,28.98,55.893333
2023-11-14,187.440002,150.410004,271.48999,57.099998,168.110001,147.660004,116.099998,29.26,55.883331
2023-11-15,188.009995,152.580002,270.390015,57.209999,167.25,148.800003,114.059998,30.190001,56.593334
2023-11-16,189.710007,153.059998,276.119995,57.150002,167.710007,150.100006,114.669998,29.77,52.013332
2023-11-17,189.690002,152.889999,275.75,57.259998,166.759995,149.789993,115.360001,29.92,51.783333
2023-11-20,191.449997,154.350006,279.029999,57.400002,166.520004,149.910004,116.919998,29.98,51.766666
2023-11-21,190.639999,153.910004,280.470001,58.029999,167.800003,151.119995,116.080002,30.299999,51.953335
2023-11-22,191.309998,155.130005,281.929993,58.419998,169.220001,150.820007,116.239998,30.32,51.556667
2023-11-24,189.970001,155.179993,282.540009,58.57,169.369995,152.5,116.25,30.5,52.02
2023-11-27,189.789993,155.570007,281.839996,58.459999,168.320007,151.279999,116.470001,30.139999,52.256668
2023-11-28,190.399994,155.649994,282.089996,58.580002,168.860001,151.630005,116.239998,29.690001,52.880001
2023-11-29,189.369995,156.410004,280.380005,58.23,167.160004,152.110001,116.209999,30.08,52.026669
2023-11-30,189.949997,158.559998,281.839996,58.439999,168.289993,154.660004,116.209999,30.469999,51.896667
2023-12-01,191.240005,160.550003,285.959991,58.639999,168.690002,158.380005,117.160004,28.91,51.446667
2023-12-04,189.429993,161.100006,286.130005,58.57,169.139999,158.880005,115.779999,29.280001,51.433334
2023-12-05,193.419998,161.389999,286.540009,58.66,167.940002,158.550003,114.529999,29.09,51.91
2023-12-06,192.320007,160.279999,286.859985,58.599998,167.509995,156.619995,112.029999,28.790001,51.346668
2023-12-07,194.270004,160.220001,286.790009,58.740002,167.460007,155.399994,112.870003,28.629999,50.82
2023-12-08,195.710007,161.960007,285.529999,58.610001,165.679993,154.419998,113.610001,28.780001,50.286667
2023-12-11,193.179993,163.509995,289.149994,59.040001,167.820007,155.059998,115.129997,28.639999,50.413334
2023-12-12,194.710007,164.710007,291.420013,59.419998,168.470001,155.070007,100.809998,28.58,50.453335
2023-12-13,197.960007,163.619995,295.929993,59.93,172.009995,155.789993,102.989998,26.66,51.349998
2023-12-14,198.110001,162.910004,290.019989,59.040001,168.25,156.869995,100.309998,26.129999,50.723331
2023-12-15,197.570007,162.229996,287.269989,58.599998,167.0,155.160004,103.32,26.629999,50.913334
2023-12-18,195.889999,162.740005,290.230011,59.02,168.910004,155.440002,105.0,27.059999,51.656666
2023-12-19,196.940002,161.559998,290.730011,58.830002,167.949997,156.460007,106.25,28.16,51.843334
2023-12-20,194.830002,160.050003,288.98999,57.610001,165.690002,153.270004,104.150002,27.629999,51.236668
2023-12-21,194.679993,160.779999,291.390015,57.990002,166.970001,154.839996,105.860001,28.309999,51.599998
2023-12-22,193.600006,162.139999,291.700012,58.32,167.679993,155.460007,106.199997,28.4,52.216667
2023-12-26,193.050003,163.210007,292.859985,58.560001,168.860001,156.139999,106.190002,28.41,52.136665
2023-12-27,193.149994,163.460007,294.549988,58.709999,169.399994,156.350006,105.940002,28.610001,52.626667
2023-12-28,193.580002,163.75,295.839996,58.75,169.389999,156.580002,106.25,28.790001,52.523335
2023-12-29,192.529999,163.550003,296.51001,58.93,169.839996,156.740005,105.43,28.790001,52.549999
2024-01-02,185.639999,161.5,297.040009,59.82,172.910004,159.970001,104.059998,29.73,53.096668
2024-01-03,184.25,160.100006,294.390015,59.959999,172.949997,160.970001,102.459999,29.73,53.099998
2024-01-04,181.910004,160.860001,291.73999,59.759998,171.470001,160.630005,102.589996,29.09,52.586666
2024-01-05,181.179993,159.160004,288.98999,59.669998,168.940002,161.130005,102.730003,29.469999,52.236668
2024-01-08,185.559998,161.139999,291.899994,60.110001,169.110001,161.529999,104.660004,29.58,52.75
2024-01-09,185.139999,160.080002,290.869995,60.0,167.169998,161.630005,103.629997,29.4,53.103333
2024-01-10,186.190002,161.229996,294.089996,60.200001,166.919998,161.869995,103.919998,28.99,53.763332
2024-01-11,185.589996,162.160004,294.149994,59.810001,166.130005,161.149994,104.769997,28.4,53.703335
2024-01-12,185.919998,165.800003,293.470001,60.389999,167.270004,162.389999,106.599998,28.700001,53.773335
2024-01-16,183.630005,166.960007,291.089996,59.990002,166.169998,160.520004,106.57,28.32,53.943333
2024-01-17,182.679993,166.080002,291.160004,59.990002,166.440002,160.429993,106.43,28.15,53.689999
2024-01-18,188.630005,166.839996,294.359985,60.16,167.169998,161.210007,108.699997,28.09,54.413334
2024-01-19,191.559998,171.479996,300.529999,59.830002,165.779999,161.679993,109.669998,28.280001,54.126667
2024-01-22,193.889999,172.830002,298.410004,59.57,165.110001,162.470001,110.099998,28.309999,54.130001
2024-01-23,195.179993,173.940002,300.049988,59.849998,167.639999,159.809998,111.830002,28.43,54.266666
2024-01-24,194.5,173.929993,300.440002,58.91,165.600006,158.960007,114.309998,28.33,53.5
2024-01-25,194.169998,190.429993,297.209991,59.16,166.559998,159.559998,115.0,27.469999,54.279999
2024-01-26,192.419998,187.419998,292.26001,59.369999,167.860001,159.5,114.639999,27.469999,54.756668
2024-01-29,191.729996,187.139999,292.309998,59.73,168.149994,159.360001,113.75,27.48,55.013332
2024-01-30,188.039993,187.869995,294.649994,59.900002,169.619995,158.770004,114.160004,27.02,55.196667
2024-01-31,184.399994,183.660004,292.720001,59.490002,168.529999,158.899994,111.699997,27.08,55.083332
2024-02-01,186.860001,186.899994,298.079987,60.98,171.699997,158.360001,115.529999,27.290001,56.103333
2024-02-02,185.850006,185.789993,297.049988,60.540001,170.970001,156.610001,115.790001,26.93,56.523335
2024-02-05,187.679993,183.419998,285.970001,60.040001,170.919998,155.800003,116.389999,26.57,56.220001
2024-02-06,189.300003,183.410004,284.649994,59.939999,171.419998,158.059998,115.300003,27.5,56.603333
2024-02-07,189.410004,183.740005,287.329987,59.990002,171.470001,157.979996,117.269997,27.559999,56.459999
2024-02-08,188.320007,184.360001,291.929993,59.830002,173.850006,156.399994,116.68,27.57,56.456669
2024-02-09,188.850006,186.339996,289.470001,59.560001,167.669998,156.759995,116.639999,27.559999,56.426666
2024-02-12,187.149994,186.160004,289.440002,59.700001,170.610001,157.850006,115.839996,27.66,56.766666
2024-02-13,185.039993,183.699997,287.109985,59.349998,168.880005,156.470001,113.68,26.969999,56.380001
2024-02-14,184.149994,183.570007,288.170013,59.290001,167.520004,155.740005,114.260002,27.110001,56.200001
2024-02-15,183.860001,186.869995,291.859985,59.400002,167.860001,157.919998,112.779999,27.51,56.43
2024-02-16,182.309998,187.639999,292.019989,59.389999,166.320007,156.550003,111.309998,27.620001,56.786667
2024-02-20,181.559998,183.440002,292.649994,60.700001,168.649994,157.860001,108.449997,27.59,58.619999
2024-02-21,182.320007,179.699997,293.910004,61.240002,168.830002,158.679993,108.160004,27.67,57.900002
2024-02-22,184.369995,184.210007,295.920013,61.150002,168.25,160.449997,111.010002,27.549999,58.470001
2024-02-23,182.520004,185.720001,297.75,61.200001,169.600006,161.839996,111.949997,27.76,58.52
2024-02-26,181.160004,184.130005,297.119995,60.709999,168.259995,160.789993,110.970001,27.18,59.599998
2024-02-27,182.630005,184.869995,293.76001,60.34,168.160004,160.979996,111.379997,26.889999,59.59
2024-02-28,181.419998,185.300003,295.190002,60.400002,167.029999,161.550003,111.68,27.040001,59.619999
2024-02-29,180.75,185.029999,292.279999,60.02,165.339996,161.380005,111.68,26.559999,58.610001
2024-03-01,179.660004,188.199997,290.730011,59.529999,164.589996,162.119995,113.779999,26.59,58.759998
2024-03-04,175.100006,193.059998,290.940002,59.810001,165.369995,159.839996,114.059998,25.889999,59.299999
2024-03-05,170.119995,191.949997,292.540009,59.52,162.039993,159.970001,110.940002,26.08,60.040001
2024-03-06,169.119995,196.160004,292.929993,59.549999,163.0,159.339996,112.269997,27.190001,60.57
2024-03-07,169.0,196.539993,291.109985,59.439999,163.110001,158.869995,114.540001,26.790001,60.360001
2024-03-08,170.729996,195.949997,292.549988,59.52,163.050003,159.520004,112.419998,27.219999,60.119999
2024-03-11,172.75,191.729996,294.820007,60.240002,164.729996,161.229996,114.129997,28.370001,60.66
2024-03-12,173.229996,197.779999,294.309998,60.5,164.539993,162.740005,127.540001,28.01,61.41
2024-03-13,171.130005,196.699997,282.859985,61.119999,165.300003,161.100006,125.519997,28.219999,61.279999
2024-03-14,173.0,193.429993,281.730011,60.5,164.779999,159.210007,125.529999,28.129999,61.02
2024-03-15,172.619995,191.070007,279.140015,59.880001,164.660004,158.179993,125.540001,27.940001,60.68
2024-03-18,173.720001,191.690002,278.579987,60.130001,171.259995,156.759995,127.800003,27.719999,60.860001
2024-03-19,176.080002,193.339996,282.869995,60.23,171.800003,156.210007,129.190002,27.629999,60.869999
2024-03-20,178.669998,193.960007,284.450012,60.75,171.860001,155.759995,129.240005,27.700001,61.25
2024-03-21,171.369995,191.899994,283.529999,60.470001,172.449997,155.75,129.009995,27.66,61.450001
2024-03-22,172.279999,190.839996,282.630005,60.490002,172.020004,155.229996,127.790001,27.360001,60.869999
2024-03-25,170.850006,188.789993,278.619995,60.400002,172.600006,155.220001,126.080002,27.43,60.57
2024-03-26,169.710007,188.5,278.619995,60.540001,172.729996,155.770004,126.470001,27.59,60.509998
2024-03-27,173.309998,190.800003,282.019989,61.029999,173.570007,157.960007,125.269997,27.780001,60.720001
2024-03-28,171.479996,190.960007,281.950012,61.18,175.009995,158.190002,125.610001,27.75,60.169998
2024-04-01,170.029999,189.830002,280.220001,60.68,172.979996,157.779999,125.480003,27.719999,60.0
2024-04-02,168.839996,188.880005,277.73999,60.150002,171.440002,157.729996,124.339996,27.549999,59.16
2024-04-03,169.649994,190.899994,275.540009,59.830002,169.679993,154.259995,126.239998,27.219999,59.43
2024-04-04,168.820007,187.940002,270.089996,59.299999,169.649994,152.5,124.190002,26.65,59.5
2024-04-05,169.580002,189.139999,266.690002,59.509998,169.139999,152.389999,124.900002,26.66,59.849998
2024-04-08,168.449997,189.820007,267.559998,59.27,169.580002,151.589996,124.349998,26.58,59.779999
2024-04-09,169.669998,189.309998,269.440002,59.720001,170.610001,152.289993,123.230003,26.780001,59.790001
2024-04-10,167.779999,186.039993,268.670013,58.919998,168.949997,150.199997,121.75,26.32,60.619999
2024-04-11,175.039993,185.899994,268.619995,59.049999,168.360001,148.789993,123.239998,26.34,60.09
2024-04-12,176.550003,182.270004,267.390015,58.279999,168.100006,147.520004,121.110001,25.860001,60.139999
2024-04-15,172.690002,181.25,266.230011,58.139999,166.949997,147.589996,119.879997,25.91,59.93
2024-04-16,169.380005,183.75,265.429993,58.060001,167.5,144.449997,120.620003,25.690001,59.84
2024-04-17,168.0,183.100006,269.950012,58.509998,169.479996,144.770004,118.669998,25.42,59.650002
2024-04-18,167.039993,181.470001,270.980011,58.91,172.270004,145.740005,116.0,25.389999,59.259998
2024-04-19,165.0,181.580002,271.98999,60.169998,174.130005,147.910004,114.879997,26.0,59.529999
2024-04-22,165.839996,181.899994,275.579987,60.549999,176.460007,149.119995,114.529999,26.26,60.139999
2024-04-23,166.899994,182.190002,276.880005,60.639999,171.220001,149.559998,115.089996,26.32,59.09
2024-04-24,169.020004,184.100006,276.75,61.549999,177.410004,148.529999,115.339996,26.27,59.869999
2024-04-25,169.889999,168.910004,275.600006,61.740002,176.679993,146.820007,114.889999,25.26,60.209999
2024-04-26,169.300003,167.130005,273.089996,61.740002,175.580002,146.139999,117.209999,25.4,60.16
2024-04-29,173.5,167.429993,273.549988,62.040001,176.139999,146.820007,116.489998,25.639999,60.240002
2024-04-30,170.330002,166.199997,273.040009,61.77,175.910004,144.589996,113.75,25.620001,59.349998
2024-05-01,169.300003,164.429993,274.429993,61.93,175.149994,151.179993,114.629997,27.18,58.849998
2024-05-02,173.029999,164.690002,273.279999,61.990002,175.449997,149.919998,114.959999,27.700001,59.709999
2024-05-03,183.380005,165.710007,270.320007,62.169998,176.149994,149.270004,115.800003,27.809999,59.82
2024-05-06,181.710007,168.610001,269.299988,62.349998,175.820007,148.580002,118.339996,28.16,59.869999
2024-05-07,182.399994,168.380005,267.5,62.619999,178.020004,148.720001,117.93,27.77,60.619999
2024-05-08,182.740005,169.899994,268.48999,62.849998,177.410004,148.949997,117.389999,28.27,60.299999
2024-05-09,184.570007,166.270004,267.950012,62.880001,178.059998,149.850006,116.639999,28.18,60.439999
2024-05-10,183.050003,167.149994,275.0,63.259998,179.789993,149.910004,116.669998,28.01,60.48
2024-05-13,186.279999,167.559998,271.320007,63.580002,180.899994,151.220001,116.370003,28.440001,60.41
2024-05-14,187.429993,167.360001,270.660004,63.099998,179.869995,151.380005,120.870003,28.379999,59.860001
2024-05-15,189.720001,168.259995,273.869995,63.130001,179.460007,152.669998,121.629997,28.82,59.830002
2024-05-16,189.839996,168.970001,273.51001,63.32,183.110001,154.279999,122.160004,28.92,64.010002
2024-05-17,189.869995,169.029999,272.380005,63.029999,182.190002,154.639999,123.5,28.639999,64.650002
2024-05-20,191.039993,169.919998,267.869995,62.57,180.309998,151.270004,124.519997,28.530001,64.18
2024-05-21,192.350006,173.470001,265.869995,62.91,181.080002,151.240005,124.629997,28.559999,65.150002
